{
    "minigames" : [
        {
            "id"                : "BrickBreak",
            "name"              : "Brick Breaker",
            "sceneName"         : "BrickBreak1",
            "description"       : "Move the paddle to break the bricks!\nEliminate all the bricks to win!\n50 Point Reward\nPress Fire to Continue",
            "screenshotPath"    : "BrickBreak",
            "controlsPath"      : "BrickBreakControl"
        },
        {
            "id"                : "SpeedDream",
            "name"              : "Speed Dream",
            "sceneName"         : "speeddream_level1",
            "description"       : "WATCH OUT!\nWe have a lot of important packages to deliver, and little time to do it!\nRather than driving safely, we've elected to take the fastest lane possible\nDodge 10 cars to win!\n50 Point Reward\nPress Fire to Continue",
            "screenshotPath"    : "SpeedDream",
            "controlsPath"      : "SpeedDreamControls"
        },
        {
            "id"                : "StrawberrySlasher",
            "name"              : "Strawberry Slasher",
            "sceneName"         : "StrawberrySlasher",
            "description"       : "Slash the strawberries to win the game!\n15 Points to win\n50 Point Reward\nPress Fire to Continue",
            "screenshotPath"    : "StrawberrySlash",
            "controlsPath"      : "StrawberrySlashControls"
        }
    ]
}